First Name (AR),Last Name (AR),Role/Type,Account ID,Account Number,Parent Account,Username (EN),Password,Mobile,Create Date,Expiry Date,Status
محمد,الهاجري,Employee Admin,E,E-897023523,,admin,test1234,567747771,26/01/2024,14/04/2027,Active
فهد,القحطاني,Sub-Admin,E,E-494861447,E-897023523,falqhtany43,test1234,521637985,21/01/2024,14/08/2026,Active
ماجد,العسيري,Sub-Admin,E,E-843145019,E-897023523,malasyry28,test1234,547627018,13/05/2025,01/04/2026,Active
هيا,المطيري,Provider Customer,P,P-491223292,,halmtyry34,test1234,564184827,27/06/2024,16/02/2027,Active
يزيد,الرويشد,Provider Customer,P,P-435862636,,yalrwyshd69,test1234,577122669,21/11/2023,29/08/2027,Active
هند,السدحان,Provider Customer,P,P-520423312,,halsdhan80,test1234,512196062,26/09/2024,24/11/2023,Not Active
نوف,البراهيم,Provider Customer,P,P-349219562,,nalbrahym90,test1234,597575643,31/08/2024,07/09/2024,Not Active
يوسف,التركي,Provider Customer,P,P-795815977,,yaltrky82,test1234,565997585,13/11/2023,24/11/2024,Not Active
سيف,الزهراني,Provider Customer,P,P-574138265,,salzhrany11,test1234,537817930,23/07/2025,10/09/2025,Not Active
ناصر,الدوسري,Provider Customer,P,P-474514102,,naldwsry56,test1234,538832946,11/10/2023,27/12/2026,Active
تركي,الغامدي,Provider Customer,P,P-893360321,,talghamdy74,test1234,515556152,06/02/2025,12/02/2025,Not Active
ماجد,المهيدب,Provider Customer,P,P-736510518,,malmhydb28,test1234,539143694,26/10/2024,04/06/2026,Active
مشاعل,البلوي,Provider Customer,P,P-125192900,,malblwy57,test1234,592827084,18/07/2024,31/10/2024,Not Active
سيف,القصيبي,Provider Customer,P,P-952136058,,salqsyby67,test1234,585193859,01/04/2024,26/02/2025,Not Active
سلمان,البابطين,Provider Customer,P,P-265660166,,salbabtyn72,test1234,574184680,16/04/2025,09/08/2025,Not Active
نوف,العوفي,Provider Customer,P,P-246228227,,nalawfy54,test1234,549804061,29/03/2024,26/05/2027,Active
رائد,الحارثي,Provider Customer,P,P-756463523,,ralharthy70,test1234,579164728,20/02/2025,08/04/2026,Active
نهاد,الرويشد,Provider Customer,P,P-635612103,,nalrwyshd26,test1234,542459559,02/11/2023,21/09/2023,Not Active
نوف,السويلم,Provider Customer,P,P-709570103,,nalswylm52,test1234,539293372,13/10/2024,10/11/2026,Active
نواف,الرويشد,Provider Customer,P,P-841492362,,nalrwyshd98,test1234,531315748,03/10/2024,19/06/2026,Active
أحمد,المحمدي,Provider Customer,P,P-774591156,,aalmhmdy14,test1234,589491178,18/10/2023,10/12/2025,Active
يوسف,الزهراني,Provider Customer,P,P-508815775,,yalzhrany50,test1234,540180122,01/03/2024,20/02/2025,Not Active
إبراهيم,البسام,Provider Customer,P,P-796009784,,ialbsam98,test1234,537072351,25/11/2024,20/08/2024,Not Active
محمد,الحربي,Provider Customer,P,P-316504268,,malhrby47,test1234,546549891,06/03/2025,11/08/2027,Active
جواهر,المهيدب,Provider Customer,P,P-900277102,,jalmhydb19,test1234,593725552,20/11/2024,15/07/2025,Not Active
إبراهيم,الراجحي,Provider Customer,P,P-668862320,,ialrajhy20,test1234,569516006,04/09/2024,01/10/2026,Active
يوسف,العنزي,Provider Customer,P,P-120560468,,yalanzy59,test1234,557484176,28/04/2025,26/12/2024,Not Active
وليد,الماجد,Provider Customer,P,P-147164978,,walmajd60,test1234,526256423,30/09/2023,27/07/2027,Active
نواف,القباع,Provider Customer,P,P-950272195,,nalqbaa55,test1234,557643629,06/05/2025,28/12/2023,Not Active
حسن,الماجد,Provider Customer,P,P-383498573,,halmajd95,test1234,521948353,06/02/2025,04/08/2024,Not Active
ريم,البراهيم,Provider Customer,P,P-275988121,,ralbrahym85,test1234,576713588,06/06/2025,12/09/2027,Active
ريم,الشايع,Provider Customer,P,P-477978910,,ralshaya71,test1234,513190893,18/09/2023,23/09/2025,Active
خالد,المطيري,Provider Customer,P,P-435918743,,khalmtyry48,test1234,553415376,03/12/2024,28/09/2026,Active
رائد,المهيدب,Provider Customer,P,P-428805136,,ralmhydb47,test1234,519712516,13/01/2025,24/10/2025,Active
رنا,الهذلول,Provider Customer,P,P-851606443,,ralhdhlwl28,test1234,530674197,03/08/2024,07/10/2024,Not Active
عبدالرحمن,الزنيدي,Provider Customer,P,P-555212279,,aalznydy83,test1234,598831969,02/10/2024,26/05/2027,Active
وليد,البابطين,Provider Customer,P,P-420199216,,walbabtyn19,test1234,544555246,06/06/2025,16/03/2026,Active
مشاعل,العوفي,Provider Customer,P,P-595901568,,malawfy15,test1234,530639820,14/05/2024,14/08/2027,Active
جواهر,الشمعة,Provider Customer,P,P-511621501,,jalshmah77,test1234,521133185,17/03/2025,10/11/2025,Active
جواهر,الفوزان,Provider Customer,P,P-943725587,,jalfwzan99,test1234,581229005,28/08/2025,15/10/2025,Active
محمد,القحطاني,Provider Customer,P,P-328238250,,malqhtany26,test1234,598343039,07/05/2024,17/01/2025,Not Active
تميم,العمري,Provider Customer,P,P-851634329,,talamry47,test1234,574473813,11/03/2025,14/04/2024,Not Active
جواهر,السويلم,Provider Customer,P,P-214779874,,jalswylm96,test1234,579816222,27/01/2024,12/06/2025,Not Active
ماجد,الشمعة,Provider Customer,P,P-427130459,,malshmah65,test1234,524640937,24/08/2025,16/12/2023,Not Active
بندر,الرويشد,Provider Customer,P,P-560129260,,balrwyshd81,test1234,564122197,26/03/2025,15/11/2025,Active
نهاد,الشمعة,Provider Customer,P,P-371790130,,nalshmah22,test1234,530118856,22/03/2025,16/06/2027,Active
سعود,البلوي,Provider Customer,P,P-200076865,,salblwy51,test1234,546798168,07/08/2025,15/02/2026,Active
ياسر,الخالدي,Provider Customer,P,P-843712945,,yalkhaldy74,test1234,595655790,19/02/2024,09/07/2024,Not Active
خالد,المطيري,Provider Customer,P,P-895727328,,khalmtyry76,test1234,527789900,11/07/2025,20/04/2026,Active
هناء,الرشيدي,Provider Customer,P,P-567022494,,halrshydy42,test1234,539315376,09/09/2024,01/04/2027,Active
رنا,البقمي,Provider Customer,P,P-784982215,,ralbqmy72,test1234,525132756,07/10/2023,23/01/2025,Not Active
نجلاء,العتيبي,Provider Customer,P,P-903550949,,nalatyby89,test1234,591787979,02/04/2024,18/02/2027,Active
وليد,العوفي,Provider Customer,P,P-801980537,,walawfy77,test1234,563334270,11/03/2025,24/03/2026,Active
عبدالرحمن,السويلم,Provider Customer,P,P-405805566,,aalswylm26,test1234,519870127,12/02/2024,28/04/2027,Active
بندر,السدحان,Provider Customer,P,P-345754212,,balsdhan53,test1234,529991301,09/03/2025,12/04/2026,Active
مريم,التركي,Provider Customer,P,P-619128819,,maltrky52,test1234,514569626,14/02/2024,27/07/2026,Active
شهد,السهلي,Provider Customer,P,P-346356876,,shalshly97,test1234,577773372,10/08/2025,14/12/2024,Not Active
تركي,العقيل,Provider Customer,P,P-995916050,,talaqyl24,test1234,517742423,25/11/2023,02/06/2024,Not Active
إبراهيم,الزيدي,Provider Customer,P,P-567357763,,ialzydy98,test1234,548398704,10/01/2025,23/08/2024,Not Active
عبدالعزيز,المهيدب,Provider Customer,P,P-624269044,,aalmhydb89,test1234,590273981,14/02/2025,25/07/2024,Not Active
مراد,العنزي,Provider Customer,P,P-221122525,,malanzy54,test1234,569586287,25/08/2024,10/06/2026,Active
تميم,القرني,Provider Customer,P,P-724264782,,talqrny99,test1234,547213272,03/02/2025,12/06/2027,Active
سلمان,النفيعي,Provider Customer,P,P-594081523,,salnfyay62,test1234,514858996,05/11/2024,22/10/2024,Not Active
لطيفة,الفوزان,Provider Customer,P,P-481031790,,lalfwzan67,test1234,576964753,17/11/2023,22/03/2026,Active
سلمان,العنزي,Provider Customer,P,P-206380279,,salanzy36,test1234,523437841,25/07/2024,07/09/2027,Active
حمزة,البابطين,Provider Customer,P,P-752929666,,halbabtyn68,test1234,578992845,18/04/2024,16/12/2026,Active
مشاعل,المحمدي,Provider Customer,P,P-666806514,,malmhmdy40,test1234,574098711,07/02/2024,23/12/2023,Not Active
إبراهيم,العجمي,Provider Customer,P,P-758617992,,ialajmy95,test1234,564663850,27/11/2023,03/07/2025,Not Active
سعود,الحارثي,Provider Customer,P,P-699837754,,salharthy78,test1234,587321337,27/02/2025,30/11/2026,Active
رائد,الرويشد,Provider Customer,P,P-184937960,,ralrwyshd81,test1234,525319292,26/03/2024,19/09/2026,Active
مريم,البقمي,Provider Customer,P,P-823716473,,malbqmy63,test1234,574010008,20/11/2023,11/01/2027,Active
محمد,الحربي,Provider Customer,P,P-380169769,,malhrby99,test1234,567092949,19/08/2025,15/07/2027,Active
سلمان,البابطين,Provider Customer,P,P-853044387,,salbabtyn46,test1234,546417745,10/06/2025,01/08/2024,Not Active
سعود,الرويشد,Provider Customer,P,P-999733742,,salrwyshd72,test1234,567732641,03/07/2025,27/06/2027,Active
حمزة,القحطاني,Provider Customer,P,P-692923061,,halqhtany85,test1234,565309256,14/10/2023,31/03/2026,Active
دلال,الجفالي,Provider Customer,P,P-896768500,,daljfaly68,test1234,588072000,06/02/2025,08/04/2027,Active
تميم,الراجحي,Provider Customer,P,P-803197753,,talrajhy87,test1234,598790330,22/04/2024,02/10/2024,Not Active
سلطان,الماجد,Provider Customer,P,P-242218098,,salmajd19,test1234,566698709,04/03/2024,18/05/2026,Active
عمر,الغامدي,Provider Customer,P,P-462916872,,aalghamdy13,test1234,581927888,15/07/2025,19/08/2024,Not Active
مراد,الرويشد,Provider Customer,P,P-168270294,,malrwyshd40,test1234,598846770,26/09/2024,03/08/2026,Active
راكان,الشايع,Provider Customer,P,P-343897475,,ralshaya39,test1234,553741678,25/08/2024,26/09/2026,Active
بندر,الشايع,Provider Customer,P,P-940287067,,balshaya83,test1234,566368317,04/01/2025,19/05/2025,Not Active
سلمان,الرويشد,Provider Customer,P,P-725863618,,salrwyshd97,test1234,598981312,03/01/2024,03/11/2023,Not Active
ريم,السهلي,Provider Customer,P,P-112100096,,ralshly81,test1234,517840617,12/04/2025,21/04/2027,Active
مشاعل,البلوي,Provider Customer,P,P-246075177,,malblwy45,test1234,533169385,05/07/2025,08/04/2027,Active
جواهر,النفيعي,Provider Customer,P,P-649355999,,jalnfyay33,test1234,586967320,20/02/2024,18/12/2025,Active
بندر,السهلي,Provider Customer,P,P-891089263,,balshly15,test1234,591646393,02/09/2025,26/01/2027,Active
نوف,الحارثي,Provider Customer,P,P-997020155,,nalharthy87,test1234,516967585,07/06/2025,07/05/2027,Active
ماجد,الهذلول,Provider Customer,P,P-466000840,,malhdhlwl70,test1234,585300394,02/08/2025,10/09/2024,Not Active
عبدالرحمن,العتيبي,Provider Customer,P,P-716695421,,aalatyby69,test1234,537519139,29/11/2024,28/03/2026,Active
حمزة,المهيدب,Provider Customer,P,P-663062892,,halmhydb91,test1234,547569643,27/03/2025,30/12/2026,Active
مها,البلوي,Provider Customer,P,P-180442842,,malblwy20,test1234,588602144,16/11/2023,02/04/2025,Not Active
تركي,الزيدي,Provider Customer,P,P-328757713,,talzydy41,test1234,526158572,18/05/2025,22/10/2024,Not Active
جواهر,التركي,Provider Customer,P,P-890130008,,jaltrky30,test1234,556524308,11/06/2024,06/08/2026,Active
عبدالرحمن,المطيري,Provider Customer,P,P-496146955,,aalmtyry57,test1234,530172389,05/01/2025,18/10/2024,Not Active
ياسر,البسام,Provider Customer,P,P-828146272,,yalbsam76,test1234,527420432,09/11/2024,04/04/2024,Not Active
مشاعل,الماجد,Provider Customer,P,P-304401679,,malmajd99,test1234,553060414,15/01/2024,18/04/2026,Active
سيف,الشمري,Provider Customer,P,P-431578998,,salshmry15,test1234,511836614,21/04/2024,11/04/2027,Active
نورة,الغامدي,Provider Customer,P,P-121628571,,nalghamdy23,test1234,551633370,04/09/2025,10/06/2024,Not Active
دلال,القحطاني,Provider Customer,P,P-833893675,,dalqhtany83,test1234,559820821,17/01/2025,04/08/2025,Not Active
حسن,الغامدي,Provider Customer,P,P-482736586,,halghamdy58,test1234,537688072,18/04/2025,23/07/2024,Not Active
هناء,الراجحي,Provider Customer,P,P-393096168,,halrajhy94,test1234,554619492,08/09/2025,18/05/2027,Active
رائد,الخالدي,Provider Customer,P,P-680810756,,ralkhaldy76,test1234,596065624,01/09/2024,11/11/2025,Active
سيف,القباع,Provider Customer,P,P-870779961,,salqbaa31,test1234,581716589,07/03/2024,19/12/2025,Active
سارة,الراجحي,Provider Customer,P,P-325914362,,salrajhy13,test1234,578050071,17/09/2024,25/10/2026,Active
يوسف,الشمري,Provider Customer,P,P-461606236,,yalshmry67,test1234,586179805,20/11/2024,09/08/2026,Active
راكان,السبيعي,Provider Customer,P,P-891919830,,ralsbyay33,test1234,597515158,27/11/2024,09/04/2024,Not Active
نواف,البوعينين,Provider Customer,P,P-904583004,,nalbwaynyn99,test1234,560445648,07/01/2024,12/12/2025,Active
وليد,المالكي,Provider Customer,P,P-659638378,,walmalky50,test1234,576869292,02/04/2024,13/04/2026,Active
هناء,المهيدب,Provider Customer,P,P-351045723,,halmhydb21,test1234,578555770,26/10/2023,01/02/2026,Active
علي,العتيبي,Provider Customer,P,P-735950585,,aalatyby87,test1234,559626834,24/05/2024,19/06/2025,Not Active
جواهر,الشمري,Provider Customer,P,P-268737173,,jalshmry10,test1234,573422350,23/05/2025,17/08/2026,Active
ماجد,العنزي,Provider Customer,P,P-959564309,,malanzy83,test1234,593226149,27/11/2023,31/03/2025,Not Active
سلمان,القرني,Provider Customer,P,P-122645425,,salqrny17,test1234,542345093,21/10/2023,09/04/2024,Not Active
ياسر,العنزي,Provider Customer,P,P-810263022,,yalanzy10,test1234,516126422,30/04/2025,09/02/2026,Active
جواهر,البوعينين,Provider Customer,P,P-449079461,,jalbwaynyn39,test1234,513038545,28/10/2024,27/09/2025,Active
مشاعل,العمري,Provider Customer,P,P-454489009,,malamry75,test1234,549872102,06/06/2025,18/11/2025,Active
لطيفة,التركي,Provider Customer,P,P-753884109,,laltrky82,test1234,534387975,28/10/2024,06/10/2025,Active
طلال,الراجحي,Provider Customer,P,P-497169478,,talrajhy94,test1234,553335885,26/01/2025,08/04/2025,Not Active
سعود,الشايع,Provider Customer,P,P-685031700,,salshaya72,test1234,542128807,16/07/2025,28/10/2026,Active
نهاد,المحمدي,Provider Customer,P,P-880436016,,nalmhmdy96,test1234,533867516,15/02/2024,03/10/2024,Not Active
راكان,الشمري,Provider Customer,P,P-775917441,,ralshmry13,test1234,538106959,09/03/2024,24/08/2024,Not Active
راكان,البسام,Provider Customer,P,P-208246097,,ralbsam57,test1234,591464332,21/09/2024,03/02/2025,Not Active
ريم,العمري,Provider Customer,P,P-460328838,,ralamry50,test1234,595766688,12/07/2025,12/02/2025,Not Active
هيا,الماجد,Provider Customer,P,P-656847730,,halmajd90,test1234,513821188,06/10/2023,30/01/2027,Active
حمزة,الرويشد,Provider Customer,P,P-365953100,,halrwyshd51,test1234,577096446,20/08/2025,12/07/2026,Active
جواهر,الراجحي,Provider Customer,P,P-800167177,,jalrajhy33,test1234,512364318,01/09/2024,19/11/2026,Active
ريان,الحكير,Provider Customer,P,P-707144414,,ralhkyr63,test1234,524478718,13/07/2024,28/05/2025,Not Active
وليد,البوعينين,Provider Customer,P,P-911510260,,walbwaynyn39,test1234,528411981,27/08/2024,23/08/2024,Not Active
نجلاء,الحكير,Provider Customer,P,P-726619482,,nalhkyr47,test1234,535434383,06/09/2024,01/05/2027,Active
تميم,العجمي,Provider Customer,P,P-652657715,,talajmy51,test1234,553587154,30/01/2024,27/04/2027,Active
عمر,التركي,Provider Customer,P,P-748278291,,aaltrky23,test1234,537168205,04/04/2024,25/02/2027,Active
نواف,البقمي,Provider Customer,P,P-903886676,,nalbqmy96,test1234,596313283,19/05/2024,20/12/2023,Not Active
ناصر,القحطاني,Provider Customer,P,P-270790693,,nalqhtany91,test1234,520719163,16/01/2024,18/08/2027,Active
ماجد,القباع,Provider Customer,P,P-422756082,,malqbaa61,test1234,559126310,25/12/2024,15/10/2026,Active
جواهر,العوفي,Provider Customer,P,P-504423317,,jalawfy97,test1234,552611902,16/02/2025,18/05/2026,Active
سيف,الزيدي,Provider Customer,P,P-410763212,,salzydy54,test1234,538674045,26/07/2025,07/11/2026,Active
لينا,العقيل,Provider Customer,P,P-712082677,,lalaqyl86,test1234,581217099,10/07/2024,13/12/2023,Not Active
عبدالعزيز,الزنيدي,Provider Customer,P,P-754748051,,aalznydy14,test1234,591806729,26/05/2024,10/11/2026,Active
ريان,البسام,Provider Customer,P,P-953868070,,ralbsam70,test1234,543407199,27/01/2024,02/09/2024,Not Active
يوسف,المالكي,Provider Customer,P,P-871332094,,yalmalky96,test1234,571944621,01/08/2024,09/01/2025,Not Active
راكان,الراجحي,Provider Customer,P,P-824491537,,ralrajhy86,test1234,549841158,22/09/2024,07/12/2023,Not Active
رنا,الشهري,Provider Customer,P,P-866730552,,ralshhry82,test1234,548958879,24/04/2024,13/09/2027,Active
لينا,القحطاني,Provider Customer,P,P-651190650,,lalqhtany84,test1234,530642183,27/09/2023,29/05/2025,Not Active
تركي,السدحان,Provider Customer,P,P-810698614,,talsdhan83,test1234,591442185,19/10/2024,22/02/2027,Active
ديمة,السدحان,Provider Customer,P,P-539300989,,dalsdhan51,test1234,568822257,13/12/2023,24/03/2027,Active
عبدالرحمن,البوعينين,Provider Customer,P,P-976838592,,aalbwaynyn75,test1234,589741482,18/12/2023,15/02/2024,Not Active
ريم,المهيدب,Provider Customer,P,P-932031082,,ralmhydb21,test1234,589274416,30/08/2025,16/08/2027,Active
مراد,الجميح,Provider Customer,P,P-906775437,,maljmyh63,test1234,540175356,26/06/2025,13/03/2024,Not Active
مها,البقمي,Provider Customer,P,P-996176577,,malbqmy78,test1234,555210987,13/07/2025,11/08/2024,Not Active
سعود,العتيبي,Provider Customer,P,P-384102206,,salatyby40,test1234,527220524,20/05/2024,02/06/2027,Active
هيا,القحطاني,Provider Customer,P,P-270077063,,halqhtany53,test1234,539393886,31/07/2025,01/05/2024,Not Active
بندر,الزهراني,Provider Customer,P,P-425183268,,balzhrany32,test1234,581324918,05/11/2024,07/07/2026,Active
نهاد,الخالدي,Seeker Customer,S,S-451858066,,nalkhaldy19,test1234,543255003,23/09/2024,19/12/2024,Not Active
وليد,البسام,Seeker Customer,S,S-160082152,,walbsam97,test1234,562221995,21/07/2025,28/07/2026,Active
حسن,العسيري,Seeker Customer,S,S-197849767,,halasyry28,test1234,538817542,26/12/2023,08/09/2027,Active
طلال,الرشيدي,Seeker Customer,S,S-974297498,,talrshydy53,test1234,555598374,23/06/2025,29/05/2024,Not Active
ريم,الهذلول,Seeker Customer,S,S-432590729,,ralhdhlwl69,test1234,521987828,07/09/2024,05/08/2026,Active
هناء,العمري,Seeker Customer,S,S-931185753,,halamry51,test1234,543496100,03/08/2024,12/12/2026,Active
رائد,الشهري,Seeker Customer,S,S-755069281,,ralshhry47,test1234,560283875,16/09/2023,01/04/2025,Not Active
وليد,البسام,Seeker Customer,S,S-454239504,,walbsam42,test1234,586008719,20/04/2024,07/11/2026,Active
بندر,القحطاني,Seeker Customer,S,S-371507957,,balqhtany91,test1234,523605498,06/09/2025,24/11/2026,Active
أحمد,البوعينين,Seeker Customer,S,S-200542046,,aalbwaynyn32,test1234,553768578,30/12/2023,28/11/2025,Active
تركي,الخالدي,Seeker Customer,S,S-912704003,,talkhaldy38,test1234,551281562,13/05/2024,05/04/2026,Active
رائد,الزنيدي,Seeker Customer,S,S-463236178,,ralznydy56,test1234,537567300,01/04/2024,21/02/2024,Not Active
راكان,الحربي,Seeker Customer,S,S-867839185,,ralhrby93,test1234,536189574,01/12/2023,09/04/2027,Active
نهاد,العنزي,Seeker Customer,S,S-277301835,,nalanzy14,test1234,553177514,07/09/2025,20/09/2023,Not Active
لطيفة,البسام,Seeker Customer,S,S-782882774,,lalbsam54,test1234,591064140,07/09/2025,04/02/2027,Active
عبدالرحمن,اليامي,Seeker Customer,S,S-117141162,,aalyamy43,test1234,556594027,10/01/2024,20/12/2024,Not Active
نورة,التركي,Seeker Customer,S,S-780493112,,naltrky63,test1234,599150982,01/01/2024,17/11/2023,Not Active
راكان,السدحان,Seeker Customer,S,S-282488927,,ralsdhan12,test1234,590892110,31/10/2024,02/11/2026,Active
حسن,العصيمي,Seeker Customer,S,S-124707967,,halasymy14,test1234,561309818,24/10/2023,02/10/2026,Active
دلال,العتيبي,Seeker Customer,S,S-411292555,,dalatyby86,test1234,562532137,02/06/2025,18/02/2027,Active
عبدالعزيز,الغامدي,Seeker Customer,S,S-987381561,,aalghamdy10,test1234,572505688,12/08/2024,21/12/2025,Active
بندر,العسيري,Seeker Customer,S,S-795124128,,balasyry92,test1234,541178227,09/12/2023,05/05/2026,Active
لطيفة,الشايع,Seeker Customer,S,S-639212309,,lalshaya59,test1234,543801119,22/09/2023,25/11/2026,Active
عمر,الزنيدي,Seeker Customer,S,S-200157838,,aalznydy75,test1234,598931111,27/11/2024,19/03/2026,Active
أحمد,المهيدب,Seeker Customer,S,S-383787237,,aalmhydb17,test1234,587319369,10/07/2025,24/07/2025,Not Active
حسن,الحكير,Seeker Customer,S,S-999875522,,halhkyr92,test1234,519691455,28/07/2025,08/08/2026,Active
يوسف,القصيبي,Seeker Customer,S,S-662749771,,yalqsyby76,test1234,597634505,18/07/2025,14/03/2026,Active
شهد,العنزي,Seeker Customer,S,S-293824162,,shalanzy18,test1234,576188937,12/09/2024,08/06/2027,Active
يوسف,الرشيدي,Seeker Customer,S,S-673932282,,yalrshydy93,test1234,523735835,16/03/2024,26/07/2026,Active
جواهر,الزهراني,Seeker Customer,S,S-226345305,,jalzhrany98,test1234,529248820,09/02/2025,15/06/2026,Active
ديمة,الزيدي,Seeker Customer,S,S-886223499,,dalzydy16,test1234,518297625,23/12/2023,04/01/2024,Not Active
مشاعل,الشمري,Seeker Customer,S,S-444776978,,malshmry90,test1234,597701410,07/08/2025,23/07/2026,Active
ريان,الزهراني,Seeker Customer,S,S-674501321,,ralzhrany67,test1234,597531350,02/03/2024,01/02/2026,Active
لطيفة,البراهيم,Seeker Customer,S,S-659894783,,lalbrahym36,test1234,522002926,14/12/2024,08/12/2026,Active
محمد,العمري,Seeker Customer,S,S-914544037,,malamry56,test1234,580097084,29/09/2024,12/06/2024,Not Active
هند,العمري,Seeker Customer,S,S-720491538,,halamry56,test1234,521246537,30/11/2023,27/10/2025,Active
تميم,النفيعي,Seeker Customer,S,S-563031178,,talnfyay26,test1234,563725477,28/12/2023,20/09/2025,Active
مشاعل,الشهري,Seeker Customer,S,S-356915262,,malshhry64,test1234,589998950,24/10/2023,01/05/2026,Active
طلال,الرشيدي,Seeker Customer,S,S-465405747,,talrshydy88,test1234,588517676,26/06/2024,20/02/2024,Not Active
جواهر,الحارثي,Seeker Customer,S,S-173198147,,jalharthy21,test1234,597798263,26/01/2025,04/05/2024,Not Active
ياسر,السبيعي,Seeker Customer,S,S-142959921,,yalsbyay65,test1234,572914705,10/03/2025,03/01/2025,Not Active
هناء,السويلم,Seeker Customer,S,S-888073823,,halswylm85,test1234,582674184,06/07/2025,28/02/2026,Active
نجلاء,العقيل,Seeker Customer,S,S-572696004,,nalaqyl18,test1234,517106831,18/11/2024,30/07/2026,Active
يزيد,المحمدي,Seeker Customer,S,S-140095264,,yalmhmdy10,test1234,596972627,19/02/2024,30/10/2025,Active
بندر,العجمي,Seeker Customer,S,S-913284038,,balajmy37,test1234,513076939,11/11/2023,23/10/2025,Active
مراد,القحطاني,Seeker Customer,S,S-535007628,,malqhtany43,test1234,561544928,14/11/2023,22/11/2024,Not Active
ديمة,الزنيدي,Seeker Customer,S,S-408244634,,dalznydy66,test1234,537851074,24/10/2024,29/03/2027,Active
لطيفة,الزيدي,Seeker Customer,S,S-420581511,,lalzydy67,test1234,574870742,20/05/2024,02/08/2024,Not Active
مراد,العمري,Seeker Customer,S,S-605252666,,malamry72,test1234,526015742,11/04/2024,03/04/2026,Active
مريم,العجمي,Seeker Customer,S,S-420863122,,malajmy32,test1234,581152372,17/03/2024,13/08/2026,Active
إبراهيم,السويلم,Seeker Customer,S,S-766158043,,ialswylm11,test1234,549897813,20/02/2025,28/04/2026,Active
عبدالعزيز,الحربي,Seeker Customer,S,S-815422889,,aalhrby44,test1234,578391679,03/09/2025,19/04/2027,Active
نجلاء,القرني,Seeker Customer,S,S-536132391,,nalqrny51,test1234,556626738,21/04/2025,22/08/2027,Active
فهد,اليامي,Seeker Customer,S,S-213935489,,falyamy34,test1234,559829419,01/03/2024,19/05/2026,Active
رائد,الزهراني,Seeker Customer,S,S-645591603,,ralzhrany59,test1234,540219358,22/08/2025,07/04/2027,Active
عبدالعزيز,القصيبي,Seeker Customer,S,S-528670414,,aalqsyby46,test1234,555679828,23/06/2024,30/07/2026,Active
نجلاء,الزيدي,Seeker Customer,S,S-794749478,,nalzydy17,test1234,528464603,11/04/2025,10/09/2025,Not Active
فهد,المالكي,Seeker Customer,S,S-434822037,,falmalky31,test1234,563760640,19/06/2024,25/10/2025,Active
هند,البقمي,Seeker Customer,S,S-499025693,,halbqmy40,test1234,592255230,12/11/2024,23/04/2025,Not Active
ناصر,الدوسري,Seeker Customer,S,S-625939357,,naldwsry21,test1234,521609763,25/04/2025,06/12/2023,Not Active
مشاعل,العوفي,Seeker Customer,S,S-855964830,,malawfy31,test1234,519866211,15/10/2024,08/08/2026,Active
مراد,القرني,Seeker Customer,S,S-618522092,,malqrny39,test1234,537801151,07/08/2025,24/07/2026,Active
دلال,القحطاني,Seeker Customer,S,S-544049967,,dalqhtany54,test1234,584076724,08/07/2025,03/01/2027,Active
أحمد,الفوزان,Seeker Customer,S,S-163205321,,aalfwzan20,test1234,561849716,31/10/2024,17/01/2025,Not Active
نهاد,القرني,Seeker Customer,S,S-365725294,,nalqrny68,test1234,532785213,28/11/2024,30/07/2026,Active
مريم,السويلم,Seeker Customer,S,S-993841127,,malswylm99,test1234,566036846,09/12/2023,24/12/2024,Not Active
بندر,البلوي,Seeker Customer,S,S-279619634,,balblwy19,test1234,557465428,17/11/2024,14/06/2026,Active
سلمان,البوعينين,Seeker Customer,S,S-851605695,,salbwaynyn87,test1234,540026292,28/06/2025,29/07/2027,Active
دلال,القرني,Seeker Customer,S,S-262370424,,dalqrny12,test1234,595725803,09/08/2025,18/09/2023,Not Active
ديمة,الرشيدي,Seeker Customer,S,S-725907994,,dalrshydy99,test1234,597199069,15/03/2025,17/02/2026,Active
هيا,الشهري,Seeker Customer,S,S-259885503,,halshhry38,test1234,537372175,21/08/2025,01/04/2027,Active
علي,العصيمي,Seeker Customer,S,S-791192802,,aalasymy33,test1234,567381803,09/04/2025,13/10/2023,Not Active
جواهر,الجميح,Seeker Customer,S,S-235993829,,jaljmyh80,test1234,522617063,04/04/2024,22/05/2024,Not Active
سيف,البلوي,Seeker Customer,S,S-219080089,,salblwy16,test1234,578690858,26/01/2024,23/06/2024,Not Active
طلال,الرشيدي,Seeker Customer,S,S-918395839,,talrshydy59,test1234,598773386,17/09/2023,09/10/2025,Active
حسن,التركي,Seeker Customer,S,S-951296550,,haltrky88,test1234,514766311,26/07/2025,05/02/2024,Not Active
نواف,القرني,Seeker Customer,S,S-898907354,,nalqrny75,test1234,573519195,18/11/2024,08/02/2025,Not Active
مها,الحارثي,Seeker Customer,S,S-787567503,,malharthy71,test1234,557982363,29/05/2024,17/07/2024,Not Active
مريم,الغامدي,Seeker Customer,S,S-615863656,,malghamdy81,test1234,588617445,06/10/2023,05/06/2027,Active
إبراهيم,العنزي,Seeker Customer,S,S-160687309,,ialanzy59,test1234,550351615,08/08/2024,06/05/2026,Active
تركي,المحمدي,Seeker Customer,S,S-791831554,,talmhmdy93,test1234,570414227,12/05/2024,06/06/2024,Not Active
نوف,المهيدب,Seeker Customer,S,S-979125029,,nalmhydb92,test1234,542632596,22/07/2025,16/05/2024,Not Active
علي,البوعينين,Seeker Customer,S,S-999183956,,aalbwaynyn40,test1234,543938104,23/02/2025,03/03/2027,Active
ريان,المطيري,Seeker Customer,S,S-962547151,,ralmtyry41,test1234,570117242,17/11/2023,20/11/2024,Not Active
فهد,القرني,Seeker Customer,S,S-283443254,,falqrny72,test1234,537255739,15/03/2025,27/09/2025,Active
عبدالرحمن,الشمري,Seeker Customer,S,S-804007482,,aalshmry28,test1234,543455901,03/05/2024,30/01/2024,Not Active
سيف,القرني,Seeker Customer,S,S-231751867,,salqrny13,test1234,561162253,27/10/2023,24/02/2024,Not Active
طلال,الغامدي,Seeker Customer,S,S-584132463,,talghamdy16,test1234,585974451,08/07/2024,07/10/2023,Not Active
مشاعل,الجميح,Seeker Customer,S,S-822489723,,maljmyh75,test1234,513197097,11/08/2024,23/09/2026,Active
هند,العقيل,Seeker Customer,S,S-151203201,,halaqyl44,test1234,598641398,14/06/2024,09/10/2026,Active
تميم,العنزي,Seeker Customer,S,S-263223848,,talanzy93,test1234,521853486,11/12/2023,23/08/2024,Not Active
عمر,البقمي,Seeker Customer,S,S-101386012,,aalbqmy13,test1234,592705685,20/10/2024,02/07/2024,Not Active
يزيد,الشايع,Seeker Customer,S,S-123310218,,yalshaya80,test1234,556616002,10/08/2025,09/03/2027,Active
إبراهيم,الزنيدي,Seeker Customer,S,S-123328610,,ialznydy41,test1234,557614518,20/11/2024,20/12/2023,Not Active
تركي,الشمعة,Seeker Customer,S,S-389497754,,talshmah62,test1234,582400326,21/05/2025,08/11/2026,Active
خالد,البوعينين,Seeker Customer,S,S-130390883,,khalbwaynyn79,test1234,585357015,12/02/2024,03/01/2024,Not Active
أحمد,الجفالي,Seeker Customer,S,S-603534315,,aaljfaly35,test1234,512624498,23/09/2024,14/09/2025,Active
نجلاء,التركي,Seeker Customer,S,S-343879198,,naltrky99,test1234,531614018,24/09/2023,09/11/2026,Active
عبدالعزيز,الرشيدي,Seeker Customer,S,S-975602630,,aalrshydy83,test1234,587305545,30/07/2025,25/07/2027,Active
سيف,السبيعي,Seeker Customer,S,S-373245293,,salsbyay97,test1234,575391897,08/03/2024,03/12/2025,Active
مريم,السويلم,Seeker Customer,S,S-667349325,,malswylm83,test1234,571776240,15/12/2024,24/12/2026,Active
مراد,الحربي,Seeker Customer,S,S-367365010,,malhrby56,test1234,546586558,05/02/2024,12/12/2024,Not Active
مريم,القرني,Seeker Customer,S,S-331015607,,malqrny59,test1234,563134936,06/02/2024,11/09/2027,Active
وليد,العصيمي,Seeker Customer,S,S-956632783,,walasymy39,test1234,554710635,21/10/2023,25/11/2025,Active
لينا,العصيمي,Seeker Customer,S,S-436198317,,lalasymy76,test1234,547310241,29/08/2024,18/05/2025,Not Active
سعود,الشايع,Seeker Customer,S,S-139963110,,salshaya44,test1234,551841395,23/03/2024,06/09/2027,Active
مراد,العوفي,Seeker Customer,S,S-292127892,,malawfy49,test1234,557799281,03/01/2024,01/06/2025,Not Active
تميم,العجمي,Seeker Customer,S,S-732893360,,talajmy14,test1234,598646687,30/11/2023,12/07/2027,Active
مراد,الدوسري,Seeker Customer,S,S-816567219,,maldwsry66,test1234,570669550,16/10/2024,28/02/2025,Not Active
لطيفة,المطيري,Seeker Customer,S,S-193347223,,lalmtyry90,test1234,548356701,14/02/2024,11/02/2026,Active
يوسف,المحمدي,Seeker Customer,S,S-104804690,,yalmhmdy75,test1234,593159089,03/03/2025,04/02/2024,Not Active
مشاعل,السهلي,Seeker Customer,S,S-928835068,,malshly51,test1234,555609901,04/05/2024,31/07/2027,Active
دلال,الشمعة,Seeker Customer,S,S-474209609,,dalshmah75,test1234,556688212,20/08/2025,16/09/2025,Active
مراد,البسام,Seeker Customer,S,S-402736185,,malbsam89,test1234,536765954,30/08/2025,24/07/2024,Not Active
عبدالعزيز,العسيري,Seeker Customer,S,S-448661657,,aalasyry79,test1234,531537972,06/11/2024,17/04/2027,Active
بندر,الشهري,Seeker Customer,S,S-531038187,,balshhry73,test1234,589330808,01/01/2024,20/04/2024,Not Active
جواهر,المهيدب,Seeker Customer,S,S-333212832,,jalmhydb52,test1234,519137928,08/07/2025,13/11/2023,Not Active
حسن,العوفي,Seeker Customer,S,S-293392649,,halawfy84,test1234,527696021,02/06/2025,09/11/2026,Active
سيف,الشمري,Seeker Customer,S,S-176951567,,salshmry93,test1234,575167565,09/06/2025,03/06/2026,Active
جواهر,النفيعي,Seeker Customer,S,S-107188584,,jalnfyay25,test1234,526438690,01/12/2023,16/12/2026,Active
راكان,الرشيدي,Seeker Customer,S,S-497755628,,ralrshydy37,test1234,543461481,15/05/2025,13/12/2023,Not Active
حمزة,البسام,Seeker Customer,S,S-804238318,,halbsam17,test1234,529806696,19/03/2024,04/09/2026,Active
جواهر,القباع,Seeker Customer,S,S-386765829,,jalqbaa14,test1234,585837905,03/09/2024,04/05/2027,Active
هيا,الخالدي,Seeker Customer,S,S-854352789,,halkhaldy84,test1234,590042950,23/03/2024,23/06/2025,Not Active
علي,المالكي,Seeker Customer,S,S-203361828,,aalmalky43,test1234,583604146,14/02/2024,27/03/2027,Active
لينا,العوفي,Seeker Customer,S,S-184875686,,lalawfy69,test1234,567749187,20/08/2025,24/07/2024,Not Active
خالد,المطيري,Seeker Customer,S,S-714119509,,khalmtyry85,test1234,577299692,11/08/2024,22/02/2025,Not Active
نهاد,اليامي,Seeker Customer,S,S-271911884,,nalyamy32,test1234,541146751,27/03/2024,09/11/2025,Active
ماجد,العنزي,Seeker Customer,S,S-606370414,,malanzy63,test1234,599671427,07/06/2024,11/06/2024,Not Active
خالد,العصيمي,Seeker Customer,S,S-196893027,,khalasymy95,test1234,545496166,10/02/2025,02/01/2024,Not Active
نوف,الشايع,Seeker Customer,S,S-533951997,,nalshaya13,test1234,535727851,20/12/2023,29/06/2026,Active
سلطان,البابطين,Seeker Customer,S,S-104446847,,salbabtyn82,test1234,545751842,04/10/2023,25/12/2025,Active
لطيفة,البابطين,Seeker Customer,S,S-879523761,,lalbabtyn79,test1234,598262279,28/12/2024,24/06/2025,Not Active
علي,القصيبي,Seeker Customer,S,S-516670663,,aalqsyby84,test1234,553265773,10/10/2023,23/07/2026,Active
نورة,المطيري,Seeker Customer,S,S-430384693,,nalmtyry21,test1234,555693728,19/10/2024,31/08/2024,Not Active
أحمد,الشمري,Seeker Customer,S,S-251375080,,aalshmry74,test1234,574585362,26/09/2024,20/01/2027,Active
جواهر,القباع,Seeker Customer,S,S-468766267,,jalqbaa85,test1234,567549622,25/08/2025,27/02/2025,Not Active
هند,القباع,Seeker Customer,S,S-150992544,,halqbaa80,test1234,525336235,11/10/2024,06/10/2024,Not Active
ريم,العسيري,Seeker Customer,S,S-210460396,,ralasyry89,test1234,557015079,20/11/2024,15/08/2027,Active
تميم,العوفي,Seeker Customer,S,S-294837064,,talawfy51,test1234,570912968,05/07/2024,21/04/2026,Active
نورة,السهلي,Seeker Customer,S,S-442818713,,nalshly57,test1234,521886835,16/06/2024,11/08/2027,Active
سيف,العمري,Seeker Customer,S,S-448403808,,salamry95,test1234,581280924,25/12/2024,28/03/2026,Active
جواهر,الشمعة,Seeker Customer,S,S-621139987,,jalshmah22,test1234,544655679,20/01/2024,16/04/2024,Not Active
عمر,الحارثي,Seeker Customer,S,S-746907463,,aalharthy52,test1234,541987432,07/07/2024,18/06/2027,Active
رنا,الراجحي,Seeker Customer,S,S-145316025,,ralrajhy60,test1234,549788100,10/04/2025,29/09/2026,Active
مريم,السويلم,Seeker Customer,S,S-613042597,,malswylm23,test1234,538870965,08/08/2024,26/04/2026,Active
سلطان,الشمعة,Seeker Customer,S,S-470359505,,salshmah31,test1234,549108710,19/07/2024,12/10/2024,Not Active
خالد,العسيري,Seeker Customer,S,S-680809539,,khalasyry16,test1234,550778941,16/01/2024,30/11/2023,Not Active
ياسر,السهلي,Seeker Customer,S,S-633533316,,yalshly59,test1234,521035974,02/07/2024,17/12/2026,Active
ديمة,البراهيم,Seeker Customer,S,S-106908691,,dalbrahym98,test1234,561160031,06/02/2025,08/02/2026,Active
هيا,الحكير,Agent Corporate,A,A-889735725,C-213809803,halhkyr88,test1234,585185536,24/11/2023,27/09/2026,Active
حمزة,العوفي,Agent Corporate,A,A-360092881,C-799698166,halawfy87,test1234,587802371,03/11/2024,02/09/2027,Active
لينا,البلوي,Agent Corporate,A,A-262807810,C-753425937,lalblwy37,test1234,527587249,18/07/2024,19/06/2026,Active
لطيفة,المهيدب,Agent Corporate,A,A-508493091,C-214090621,lalmhydb37,test1234,573792188,23/10/2024,02/12/2023,Not Active
تميم,الشمعة,Agent Corporate,A,A-725413128,C-214090621,talshmah53,test1234,579104750,23/03/2024,31/05/2025,Not Active
ريان,الراجحي,Agent Corporate,A,A-922789468,C-126822773,ralrajhy20,test1234,533028253,26/10/2024,19/09/2026,Active
مريم,النفيعي,Agent Corporate,A,A-458221759,C-108727934,malnfyay33,test1234,596722144,06/08/2025,08/04/2027,Active
علي,البابطين,Agent Corporate,A,A-751348632,C-214090621,aalbabtyn93,test1234,533337565,18/11/2023,22/07/2027,Active
عبدالعزيز,المالكي,Agent Corporate,A,A-794395442,C-670335079,aalmalky37,test1234,530704454,24/03/2025,24/07/2024,Not Active
جواهر,العتيبي,Agent Corporate,A,A-597352569,C-880076233,jalatyby28,test1234,566440816,16/03/2024,17/10/2026,Active
ياسر,المهيدب,Agent Corporate,A,A-550705775,C-566120144,yalmhydb18,test1234,583691126,12/08/2025,26/11/2025,Active
خالد,التركي,Agent Corporate,A,A-114248965,C-103442565,khaltrky59,test1234,512876575,15/04/2025,27/09/2026,Active
مشاعل,الزهراني,Agent Corporate,A,A-881369297,C-108727934,malzhrany54,test1234,596314728,12/02/2024,20/09/2026,Active
شهد,النفيعي,Agent Corporate,A,A-698356340,C-566120144,shalnfyay23,test1234,518182189,27/08/2025,01/10/2025,Active
إبراهيم,الحكير,Agent Corporate,A,A-459881485,C-208295444,ialhkyr18,test1234,550011410,02/08/2025,10/01/2027,Active
تركي,العصيمي,Agent Corporate,A,A-591103146,C-103442565,talasymy29,test1234,594179200,30/08/2025,03/09/2026,Active
لطيفة,البقمي,Agent Corporate,A,A-275023318,C-214090621,lalbqmy36,test1234,537689962,02/10/2024,30/05/2027,Active
بندر,البقمي,Agent Corporate,A,A-852810363,C-352317574,balbqmy16,test1234,553788864,03/04/2024,09/12/2026,Active
هيا,الزهراني,Agent Corporate,A,A-748475818,C-208295444,halzhrany12,test1234,525593670,28/07/2025,28/09/2025,Active
عبدالعزيز,الجفالي,Agent Corporate,A,A-460736866,C-352317574,aaljfaly95,test1234,557964359,07/02/2024,27/08/2026,Active
يزيد,الجميح,Agent Corporate,A,A-551305833,C-393315830,yaljmyh84,test1234,564597203,06/08/2024,18/01/2024,Not Active
نواف,السبيعي,Agent Corporate,A,A-877989782,C-387999827,nalsbyay24,test1234,564285472,23/10/2024,05/11/2025,Active
لينا,القباع,Agent Corporate,A,A-963350005,C-352317574,lalqbaa99,test1234,558666446,04/05/2025,06/06/2026,Active
رنا,الهذلول,Agent Corporate,A,A-905363102,C-670335079,ralhdhlwl32,test1234,596266264,08/08/2024,10/09/2026,Active
لطيفة,المهيدب,Agent Corporate,A,A-443455432,C-103442565,lalmhydb43,test1234,548744936,27/09/2024,28/07/2027,Active
عبدالعزيز,الزنيدي,Agent Corporate,A,A-498251800,C-213809803,aalznydy82,test1234,590106639,20/11/2024,07/05/2024,Not Active
رائد,البابطين,Agent Corporate,A,A-551480314,C-566120144,ralbabtyn83,test1234,592126801,29/10/2023,16/11/2025,Active
سعود,القرني,Agent Corporate,A,A-898546347,C-673455351,salqrny99,test1234,552261971,07/09/2024,14/06/2027,Active
جواهر,الحكير,Agent Corporate,A,A-887575029,C-670335079,jalhkyr65,test1234,564547680,04/01/2024,02/05/2027,Active
ناصر,البابطين,Agent Corporate,A,A-509897144,C-435599625,nalbabtyn14,test1234,510018641,10/07/2024,03/12/2026,Active
مراد,الغامدي,Agent Corporate,A,A-864853323,C-108727934,malghamdy86,test1234,553417890,06/09/2025,17/05/2025,Not Active
محمد,الهذلول,Agent Corporate,A,A-435614110,C-473624237,malhdhlwl89,test1234,584706222,04/09/2025,01/03/2027,Active
هند,العقيل,Agent Corporate,A,A-107853231,C-214090621,halaqyl94,test1234,585733448,02/07/2025,30/03/2026,Active
مها,السبيعي,Agent Corporate,A,A-391290418,C-208295444,malsbyay30,test1234,534257219,08/06/2025,16/12/2025,Active
دلال,الخالدي,Agent Corporate,A,A-180914488,C-387999827,dalkhaldy90,test1234,569600543,08/03/2025,29/10/2023,Not Active
علي,الفوزان,Agent Corporate,A,A-773974486,C-473624237,aalfwzan84,test1234,566739244,04/03/2024,17/01/2027,Active
عبدالرحمن,المحمدي,Agent Corporate,A,A-463991136,C-581924369,aalmhmdy76,test1234,573636308,21/04/2025,29/03/2026,Active
سارة,الزهراني,Agent Corporate,A,A-104663853,C-673455351,salzhrany27,test1234,591500326,24/06/2025,04/06/2024,Not Active
نهاد,المهيدب,Agent Corporate,A,A-845880230,C-213809803,nalmhydb63,test1234,571720341,02/04/2024,27/04/2024,Not Active
نواف,المحمدي,Agent Corporate,A,A-776367222,C-387999827,nalmhmdy19,test1234,562726096,09/02/2024,17/07/2025,Not Active
مراد,الجفالي,Agent Corporate,A,A-488796594,C-213809803,maljfaly57,test1234,597915511,25/04/2024,31/12/2024,Not Active
رائد,البسام,Agent Corporate,A,A-901948127,C-435599625,ralbsam70,test1234,535381385,03/10/2024,03/07/2027,Active
يزيد,العمري,Agent Corporate,A,A-740853293,C-971457383,yalamry45,test1234,557137564,12/03/2025,18/09/2026,Active
حمزة,العوفي,Agent Corporate,A,A-664505164,C-581924369,halawfy17,test1234,556860857,30/05/2025,02/07/2024,Not Active
فهد,الزنيدي,Agent Corporate,A,A-873288324,C-387999827,falznydy20,test1234,582945295,04/02/2025,25/05/2025,Not Active
وليد,السبيعي,Agent Corporate,A,A-762093851,C-393315830,walsbyay23,test1234,541594532,21/09/2024,19/08/2027,Active
ريان,الشمري,Agent Corporate,A,A-702757413,C-753425937,ralshmry80,test1234,527194675,12/01/2024,14/04/2027,Active
عبدالرحمن,العقيل,Agent Corporate,A,A-375933477,C-213809803,aalaqyl82,test1234,572445807,25/06/2024,27/01/2027,Active
عبدالرحمن,العتيبي,Agent Corporate,A,A-283467733,C-214090621,aalatyby55,test1234,533579716,13/03/2025,09/11/2025,Active
سلطان,الغامدي,Agent Corporate,A,A-593466396,C-387999827,salghamdy41,test1234,511022067,19/09/2024,23/10/2025,Active
ماجد,الهذلول,Agent Corporate,A,A-542246494,C-126822773,malhdhlwl46,test1234,589753495,22/09/2023,07/01/2026,Active
ماجد,الزنيدي,Agent Corporate,A,A-240392968,C-291125239,malznydy51,test1234,578746747,10/09/2024,23/07/2025,Not Active
حمزة,الحكير,Agent Corporate,A,A-617256951,C-213809803,halhkyr15,test1234,598514571,30/10/2024,14/09/2026,Active
محمد,السويلم,Agent Corporate,A,A-987229429,C-673455351,malswylm83,test1234,595402662,14/05/2024,27/02/2026,Active
مراد,العجمي,Agent Corporate,A,A-302043211,C-208295444,malajmy64,test1234,591996559,29/09/2024,29/01/2026,Active
مراد,الفوزان,Agent Corporate,A,A-482450960,C-103442565,malfwzan82,test1234,577196561,11/03/2024,02/09/2027,Active
عمر,المطيري,Agent Corporate,A,A-259555086,C-753425937,aalmtyry47,test1234,582450451,19/05/2024,19/10/2024,Not Active
يزيد,المحمدي,Agent Corporate,A,A-969709028,C-753425937,yalmhmdy58,test1234,570329546,25/04/2025,14/06/2027,Active
طلال,العقيل,Agent Corporate,A,A-290088660,C-473624237,talaqyl73,test1234,590979623,13/06/2025,30/01/2025,Not Active
سلطان,المالكي,Agent Corporate,A,A-419464013,C-670335079,salmalky62,test1234,579601020,02/04/2024,12/04/2024,Not Active
علي,اليامي,Agent Corporate,A,A-796789468,C-670335079,aalyamy71,test1234,562450231,28/12/2024,28/09/2025,Active
مها,التركي,Agent Corporate,A,A-477848352,C-435599625,maltrky42,test1234,524102598,24/02/2025,17/09/2025,Active
ريان,السدحان,Agent Corporate,A,A-881047440,C-670335079,ralsdhan98,test1234,562254615,30/12/2023,13/03/2027,Active
هناء,البراهيم,Agent Corporate,A,A-661666059,C-108727934,halbrahym26,test1234,555411365,29/04/2024,12/08/2025,Not Active
يوسف,البراهيم,Agent Corporate,A,A-671571511,C-352317574,yalbrahym33,test1234,566787798,22/09/2024,03/08/2027,Active
رنا,السدحان,Agent Corporate,A,A-996702660,C-673455351,ralsdhan22,test1234,585383319,19/06/2025,06/01/2024,Not Active
حمزة,اليامي,Agent Corporate,A,A-825262301,C-387999827,halyamy40,test1234,588538916,25/02/2024,01/03/2027,Active
سلطان,البراهيم,Agent Corporate,A,A-954269455,C-799698166,salbrahym60,test1234,575572000,27/10/2023,11/06/2027,Active
رائد,العتيبي,Agent Corporate,A,A-145933857,C-753425937,ralatyby80,test1234,525818648,23/11/2024,21/03/2025,Not Active
وليد,العنزي,Agent Corporate,A,A-547591943,C-352317574,walanzy77,test1234,534033719,06/05/2025,26/11/2026,Active
هيا,القرني,Agent Corporate,A,A-427837420,C-581924369,halqrny61,test1234,590418832,29/10/2023,21/07/2025,Not Active
ديمة,المطيري,Agent Corporate,A,A-597744650,C-352317574,dalmtyry52,test1234,573459119,06/10/2023,10/12/2026,Active
ناصر,الغامدي,Agent Corporate,A,A-332645758,C-214090621,nalghamdy30,test1234,527047943,24/06/2025,20/09/2025,Active
سيف,الجفالي,Agent Corporate,A,A-629585948,C-566120144,saljfaly26,test1234,588117125,21/02/2025,21/07/2024,Not Active
علي,الهذلول,Agent Corporate,A,A-538702429,C-670335079,aalhdhlwl82,test1234,573401573,08/11/2024,22/05/2024,Not Active
سعود,الجميح,Agent Corporate,A,A-117920771,C-473624237,saljmyh49,test1234,533783887,15/08/2024,17/09/2024,Not Active
يوسف,البلوي,Agent Corporate,A,A-263526783,C-670335079,yalblwy76,test1234,587637901,25/07/2025,29/04/2026,Active
نوف,العتيبي,Agent Corporate,A,A-107489262,C-581924369,nalatyby45,test1234,590090343,24/07/2025,14/06/2025,Not Active
دلال,العقيل,Agent Corporate,A,A-711226339,C-393315830,dalaqyl59,test1234,514364553,25/12/2024,19/02/2024,Not Active
رنا,العوفي,Agent Corporate,A,A-325890658,C-393315830,ralawfy94,test1234,589360450,05/10/2024,11/01/2027,Active
وليد,المهيدب,Agent Corporate,A,A-767616060,C-581924369,walmhydb36,test1234,527050811,28/10/2023,10/10/2026,Active
محمد,المحمدي,Agent Corporate,A,A-568982523,C-753425937,malmhmdy61,test1234,588333535,10/04/2024,25/01/2027,Active
نهاد,الرشيدي,Agent Corporate,A,A-572637207,C-566120144,nalrshydy48,test1234,521552917,02/08/2024,28/12/2026,Active
علي,النفيعي,Agent Corporate,A,A-496649450,C-108727934,aalnfyay75,test1234,571033363,15/02/2024,23/12/2026,Active
سلمان,اليامي,Agent Corporate,A,A-323922829,C-581924369,salyamy46,test1234,556750237,17/12/2023,13/04/2027,Active
أحمد,الهذلول,Agent Corporate,A,A-273052835,C-291125239,aalhdhlwl73,test1234,523665343,20/03/2024,02/06/2027,Active
ماجد,البسام,Agent Corporate,A,A-594711769,C-126822773,malbsam69,test1234,574208074,30/05/2024,21/03/2024,Not Active
عبدالرحمن,البقمي,Agent Corporate,A,A-641536158,C-566120144,aalbqmy47,test1234,564912312,11/04/2024,28/01/2026,Active
جواهر,الرشيدي,Agent Corporate,A,A-391023006,C-126822773,jalrshydy39,test1234,541855996,30/06/2024,14/10/2025,Active
خالد,المحمدي,Agent Corporate,A,A-792383705,C-352317574,khalmhmdy43,test1234,529718977,27/09/2024,03/03/2027,Active
فهد,السهلي,Agent Corporate,A,A-213360328,C-352317574,falshly90,test1234,534382916,22/06/2024,27/04/2027,Active
مشاعل,العقيل,Agent Corporate,A,A-594783052,C-208295444,malaqyl21,test1234,577331296,19/08/2024,03/07/2026,Active
يزيد,الجفالي,Agent Corporate,A,A-981151790,C-473624237,yaljfaly78,test1234,559228823,02/10/2023,27/09/2024,Not Active
رنا,الماجد,Agent Corporate,A,A-962839234,C-208295444,ralmajd40,test1234,547385373,16/12/2024,11/11/2023,Not Active
سلمان,الحارثي,Agent Corporate,A,A-697235762,C-108727934,salharthy89,test1234,529832136,17/01/2024,19/04/2026,Active
راكان,الزيدي,Agent Corporate,A,A-837615365,C-393315830,ralzydy96,test1234,520383502,02/01/2025,05/11/2026,Active
مراد,البلوي,Agent Corporate,A,A-788040326,C-799698166,malblwy69,test1234,521120445,02/02/2024,31/07/2024,Not Active
نواف,الغامدي,Agent Corporate,A,A-683912789,C-208295444,nalghamdy59,test1234,598363047,06/02/2025,15/08/2025,Not Active
ريان,الزهراني,Agent Corporate,A,A-344515810,C-753425937,ralzhrany47,test1234,573565959,13/10/2024,11/09/2026,Active
ياسر,الجميح,Agent Corporate,A,A-576688535,C-126822773,yaljmyh57,test1234,533480718,03/08/2025,07/04/2024,Not Active
فهد,الدوسري,Agent Corporate,A,A-677327582,C-673455351,faldwsry65,test1234,565391823,13/09/2024,05/07/2027,Active
حسن,النفيعي,Agent Corporate,A,A-685388973,C-387999827,halnfyay69,test1234,528642764,11/06/2024,22/12/2023,Not Active
ناصر,الزيدي,Agent Corporate,A,A-649735272,C-126822773,nalzydy59,test1234,581204399,23/08/2025,15/03/2027,Active
رائد,البوعينين,Agent Corporate,A,A-284547917,C-214090621,ralbwaynyn20,test1234,552360763,21/12/2024,09/10/2026,Active
عبدالعزيز,الحارثي,Agent Corporate,A,A-584205869,C-435599625,aalharthy20,test1234,557896976,29/10/2023,09/09/2024,Not Active
بندر,المالكي,Agent Individual,A,A-268700324,,balmalky61,test1234,543139251,29/12/2023,28/11/2025,Active
مريم,الحارثي,Agent Individual,A,A-558690197,,malharthy62,test1234,525381911,12/02/2024,18/10/2026,Active
عبدالرحمن,العصيمي,Agent Individual,A,A-480305894,,aalasymy11,test1234,590581650,14/11/2023,26/02/2024,Not Active
سارة,السهلي,Agent Individual,A,A-337170019,,salshly31,test1234,541822442,19/08/2025,13/08/2026,Active
عبدالرحمن,الخالدي,Agent Individual,A,A-211218735,,aalkhaldy86,test1234,529229922,04/09/2025,12/03/2027,Active
سلطان,القحطاني,Agent Individual,A,A-331798264,,salqhtany23,test1234,552282883,17/06/2025,11/07/2025,Not Active
عمر,الجميح,Agent Individual,A,A-827858112,,aaljmyh69,test1234,536549529,10/10/2023,14/07/2027,Active
تميم,الفوزان,Agent Individual,A,A-283811930,,talfwzan95,test1234,537384309,25/05/2025,09/04/2027,Active
علي,القرني,Agent Individual,A,A-807766739,,aalqrny52,test1234,586361078,30/04/2024,10/04/2027,Active
لينا,الغامدي,Agent Individual,A,A-519476786,,lalghamdy44,test1234,548089738,07/01/2024,28/11/2026,Active
عمر,الشهري,Agent Individual,A,A-474366809,,aalshhry19,test1234,521752951,12/11/2024,15/01/2024,Not Active
سارة,التركي,Agent Individual,A,A-521129341,,saltrky98,test1234,519674379,17/10/2023,21/05/2026,Active
سيف,الشمعة,Agent Individual,A,A-175587901,,salshmah76,test1234,526166253,25/01/2025,07/07/2024,Not Active
هناء,الراجحي,Agent Individual,A,A-507630522,,halrajhy93,test1234,541938257,16/05/2025,16/03/2027,Active
عبدالعزيز,البراهيم,Agent Individual,A,A-513873257,,aalbrahym55,test1234,535327722,30/01/2025,14/05/2024,Not Active
مها,العقيل,Agent Individual,A,A-163783671,,malaqyl10,test1234,553237249,31/07/2024,19/02/2027,Active
عبدالرحمن,المطيري,Agent Individual,A,A-174805729,,aalmtyry37,test1234,518588130,30/08/2024,16/06/2026,Active
نجلاء,البسام,Agent Individual,A,A-115422794,,nalbsam16,test1234,553853694,29/01/2024,11/01/2027,Active
ناصر,السهلي,Agent Individual,A,A-749922105,,nalshly95,test1234,517456493,24/11/2024,30/12/2025,Active
بتول,القصيبي,Agent Individual,A,A-306144044,,balqsyby77,test1234,549733733,10/05/2024,06/07/2027,Active
سلمان,الهذلول,Agent Individual,A,A-770673358,,salhdhlwl88,test1234,574002742,10/11/2024,11/06/2025,Not Active
علي,الزيدي,Agent Individual,A,A-132646723,,aalzydy67,test1234,559669688,30/06/2024,02/07/2024,Not Active
سيف,القباع,Agent Individual,A,A-280416768,,salqbaa56,test1234,580741769,01/06/2024,28/07/2027,Active
عمر,البوعينين,Agent Individual,A,A-697089904,,aalbwaynyn33,test1234,566815214,05/12/2024,30/10/2025,Active
راكان,الشايع,Agent Individual,A,A-293738619,,ralshaya13,test1234,535212346,15/11/2024,25/09/2023,Not Active
تميم,البلوي,Agent Individual,A,A-808962088,,talblwy30,test1234,532607625,15/04/2025,30/10/2026,Active
هند,السويلم,Agent Individual,A,A-783379406,,halswylm19,test1234,545076127,20/01/2025,17/09/2025,Active
نهاد,الزنيدي,Agent Individual,A,A-523947395,,nalznydy64,test1234,555001315,02/04/2025,11/08/2026,Active
نورة,العصيمي,Agent Individual,A,A-697015307,,nalasymy10,test1234,556389276,28/11/2023,23/02/2026,Active
نورة,العصيمي,Agent Individual,A,A-995590280,,nalasymy98,test1234,568150850,15/08/2025,19/05/2026,Active
حمزة,الشمعة,Agent Individual,A,A-110202040,,halshmah28,test1234,569079177,21/04/2025,22/09/2024,Not Active
سيف,الشمعة,Agent Individual,A,A-905511378,,salshmah67,test1234,567706661,13/08/2025,10/10/2023,Not Active
بتول,البابطين,Agent Individual,A,A-682700001,,balbabtyn37,test1234,596982585,31/08/2024,29/09/2024,Not Active
تميم,الشمعة,Agent Individual,A,A-651060456,,talshmah49,test1234,589342858,17/12/2023,30/11/2026,Active
سارة,البلوي,Agent Individual,A,A-511572183,,salblwy90,test1234,548164328,16/05/2025,17/03/2026,Active
سعود,الفوزان,Agent Individual,A,A-924712478,,salfwzan84,test1234,531902882,21/01/2024,20/09/2026,Active
مراد,الجفالي,Agent Individual,A,A-204215587,,maljfaly72,test1234,541814215,05/01/2024,20/03/2026,Active
ماجد,الخالدي,Agent Individual,A,A-869097979,,malkhaldy17,test1234,510582197,24/03/2025,07/04/2026,Active
سيف,الزهراني,Agent Individual,A,A-514471743,,salzhrany48,test1234,536342880,15/03/2025,21/06/2025,Not Active
يوسف,الحكير,Agent Individual,A,A-183252101,,yalhkyr35,test1234,514638138,08/10/2024,04/10/2023,Not Active
مها,الدوسري,Agent Individual,A,A-514118020,,maldwsry89,test1234,592936092,25/11/2024,18/05/2026,Active
راكان,الفوزان,Agent Individual,A,A-789243647,,ralfwzan30,test1234,573678132,29/12/2023,21/01/2027,Active
بتول,النفيعي,Agent Individual,A,A-139404137,,balnfyay64,test1234,577049234,07/12/2024,09/11/2023,Not Active
مراد,القحطاني,Agent Individual,A,A-896165646,,malqhtany55,test1234,595887458,23/10/2024,21/12/2023,Not Active
مراد,الحكير,Agent Individual,A,A-798837317,,malhkyr29,test1234,536351814,06/05/2024,19/10/2024,Not Active
فهد,المهيدب,Agent Individual,A,A-908247432,,falmhydb85,test1234,516716892,04/09/2025,20/06/2025,Not Active
يزيد,الشمعة,Agent Individual,A,A-211900442,,yalshmah12,test1234,517996884,03/06/2024,25/12/2026,Active
لطيفة,المهيدب,Agent Individual,A,A-425364711,,lalmhydb83,test1234,529236160,03/09/2025,01/06/2026,Active
ماجد,القباع,Agent Individual,A,A-842513065,,malqbaa86,test1234,599469191,17/04/2024,13/12/2024,Not Active
جواهر,الحكير,Agent Individual,A,A-523490807,,jalhkyr91,test1234,530245231,09/10/2023,05/04/2026,Active
وليد,الدوسري,Agent Individual,A,A-526971158,,waldwsry14,test1234,564597421,22/11/2024,19/10/2023,Not Active
سلمان,النفيعي,Agent Individual,A,A-701465603,,salnfyay42,test1234,555219236,24/03/2024,16/07/2027,Active
نجلاء,الجميح,Agent Individual,A,A-619683136,,naljmyh36,test1234,551402889,28/04/2025,15/09/2025,Active
نورة,العجمي,Agent Individual,A,A-243199793,,nalajmy23,test1234,543431378,10/12/2023,17/10/2026,Active
هيا,البلوي,Agent Individual,A,A-286288461,,halblwy78,test1234,551521307,04/04/2025,06/05/2024,Not Active
طلال,البابطين,Agent Individual,A,A-406700870,,talbabtyn72,test1234,513965333,07/02/2025,02/06/2026,Active
سارة,القرني,Agent Individual,A,A-582699185,,salqrny21,test1234,535516380,18/06/2024,16/02/2027,Active
حسن,العصيمي,Agent Individual,A,A-306312618,,halasymy51,test1234,554289842,20/03/2024,31/10/2025,Active
رنا,التركي,Agent Individual,A,A-777005442,,raltrky52,test1234,553033920,27/05/2025,11/08/2026,Active
سلطان,المالكي,Agent Individual,A,A-878316442,,salmalky33,test1234,571703586,25/03/2025,12/03/2024,Not Active
ريان,الحربي,Agent Individual,A,A-479571331,,ralhrby21,test1234,576662024,01/06/2024,20/03/2025,Not Active
فهد,الزهراني,Agent Individual,A,A-127166946,,falzhrany92,test1234,584389191,06/12/2024,09/07/2027,Active
إبراهيم,المالكي,Agent Individual,A,A-877125864,,ialmalky66,test1234,565134140,11/09/2024,12/09/2025,Not Active
ناصر,الزهراني,Agent Individual,A,A-313049757,,nalzhrany16,test1234,546434819,03/08/2025,04/09/2024,Not Active
نوف,البراهيم,Agent Individual,A,A-288714246,,nalbrahym86,test1234,581931357,05/07/2025,02/08/2027,Active
جواهر,الغامدي,Agent Individual,A,A-880664752,,jalghamdy87,test1234,583019943,21/09/2024,09/01/2024,Not Active
مريم,الجفالي,Agent Individual,A,A-110798950,,maljfaly18,test1234,545475864,22/05/2024,23/03/2024,Not Active
نوف,السويلم,Agent Individual,A,A-283575951,,nalswylm83,test1234,581222748,14/06/2024,18/09/2026,Active
فهد,العقيل,Agent Individual,A,A-284401768,,falaqyl21,test1234,528568278,06/03/2024,30/04/2026,Active
نجلاء,السبيعي,Agent Individual,A,A-640774422,,nalsbyay91,test1234,595152703,05/01/2025,05/02/2026,Active
راكان,المحمدي,Corporate Account,C,C-108727934,,ralmhmdy32,test1234,573151349,06/01/2024,14/12/2023,Not Active
تميم,الرشيدي,Corporate Account,C,C-880076233,,talrshydy44,test1234,565397672,03/05/2024,17/11/2026,Active
ماجد,الرويشد,Corporate Account,C,C-971457383,,malrwyshd34,test1234,588300587,02/09/2024,08/10/2025,Active
تركي,العوفي,Corporate Account,C,C-393315830,,talawfy71,test1234,549962820,21/05/2025,07/06/2024,Not Active
عمر,الرشيدي,Corporate Account,C,C-753425937,,aalrshydy17,test1234,586524451,31/03/2025,19/06/2026,Active
لطيفة,العسيري,Corporate Account,C,C-927225037,,lalasyry27,test1234,555146431,03/11/2024,22/12/2023,Not Active
ياسر,الغامدي,Corporate Account,C,C-473624237,,yalghamdy81,test1234,588350057,02/03/2025,28/07/2025,Not Active
عمر,الهذلول,Corporate Account,C,C-566120144,,aalhdhlwl52,test1234,542435244,18/08/2024,04/01/2027,Active
ناصر,المهيدب,Corporate Account,C,C-214090621,,nalmhydb17,test1234,567087305,28/09/2024,09/01/2025,Not Active
سلطان,الماجد,Corporate Account,C,C-799698166,,salmajd59,test1234,546488857,04/10/2024,20/08/2024,Not Active
هند,القرني,Corporate Account,C,C-103442565,,halqrny53,test1234,567008084,04/12/2024,11/08/2026,Active
دلال,البوعينين,Corporate Account,C,C-208295444,,dalbwaynyn64,test1234,570668169,13/06/2025,01/01/2025,Not Active
وليد,البوعينين,Corporate Account,C,C-126822773,,walbwaynyn18,test1234,512119817,03/01/2024,18/11/2025,Active
حسن,الرويشد,Corporate Account,C,C-352317574,,halrwyshd48,test1234,597999639,20/09/2023,15/10/2025,Active
وليد,القحطاني,Corporate Account,C,C-291125239,,walqhtany31,test1234,545930494,04/03/2024,18/06/2024,Not Active
بندر,الجفالي,Corporate Account,C,C-387999827,,baljfaly70,test1234,545654827,04/03/2024,12/08/2024,Not Active
سلطان,الدوسري,Corporate Account,C,C-213809803,,saldwsry91,test1234,551701370,03/12/2023,15/10/2025,Active
يزيد,الرويشد,Corporate Account,C,C-670335079,,yalrwyshd74,test1234,595160584,31/01/2024,22/03/2025,Not Active
رنا,الشمعة,Corporate Account,C,C-673455351,,ralshmah93,test1234,557243327,08/11/2024,22/10/2026,Active
ياسر,الحربي,Corporate Account,C,C-581924369,,yalhrby41,test1234,570617338,27/07/2025,21/01/2026,Active
ديمة,الهذلول,Corporate Account,C,C-435599625,,dalhdhlwl86,test1234,552446914,23/07/2025,15/10/2025,Active